id,speed
0,47.97883606
1,46.6379509
2,39.81007004
3,30.7507267
4,41.24487305
5,28.18582344
6,20.1167717
7,50.38544083
8,48.81847763
9,29.09597397
10,26.2404995
11,21.08336067
12,22.5267868
13,21.45904732
14,26.6605587
15,40.01882935
16,42.79961777
17,47.21818924
18,48.21466446
19,48.77931976
20,47.33539963
21,45.6067543
22,18.86453438
23,25.98700523
24,25.21639442
25,18.644907
26,19.50120735
27,18.38925171
28,15.17638397
29,10.7444725
30,23.39679718
31,46.57985306
32,49.4367485
33,28.03063965
34,25.34052467
35,25.14183044
36,20.10941505
37,20.95141792
38,45.5831604
39,39.79652023
40,45.0162735
41,48.01313782
42,48.78141403
43,45.4441452
44,17.55926323
45,17.04211235
46,17.5969677
47,11.61536407
48,45.54014969
49,47.51862335
50,46.03461075
51,27.20938301
52,25.18039703
53,21.04046249
54,18.72539139
55,19.30970764
56,15.55002022
57,15.78843498
58,31.63397598
59,35.29948807
60,41.97670746
61,42.7599411
62,43.06193924
63,43.34357071
64,44.25834274
65,47.6526413
66,47.51554108
67,46.43983841
68,43.49702835
69,27.2867794
70,23.27069664
71,22.02131844
72,17.95350838
73,18.71474648
74,15.89276028
75,9.582125664
76,42.76673126
77,39.014534
78,42.99408722
79,48.0216217
80,14.5189743
81,16.9432106
82,22.77049065
83,16.40822601
84,16.83675575
85,12.45400238
86,21.48416519
87,37.91636658
88,44.78426361
89,39.75728607
90,48.79192734
91,47.92505646
92,47.2166481
93,46.58133698
94,27.29849434
95,14.98555946
96,23.28346634
97,12.00487041
98,10.2609272
99,19.44160843
100,40.44935226
101,47.49968719
102,14.81730175
103,18.06642151
104,16.46018982
105,44.10416794
106,37.00944519
107,48.43302155
108,43.88877487
109,16.99631119
110,10.72574615
111,9.974966049
112,19.12804985
113,35.47274399
114,38.65951157
115,48.58927917
116,48.55146408
117,42.95145416
118,20.94907188
119,18.78439713
120,19.45792007
121,17.993536
122,35.3902626
123,47.30726624
124,47.05472183
125,41.12651825
126,41.40338898
127,40.56302643
128,43.45971298
129,36.14367676
130,48.86468887
131,47.61927795
132,47.08891296
133,24.17429161
134,21.80493546
135,20.68121147
136,39.79909134
137,46.31480026
138,49.33345032
139,47.5221138
140,46.97953033
141,45.36637497
142,27.099226
143,14.8940382
144,19.66174316
145,16.92893982
146,17.56984329
147,47.65551758
148,49.0309639
149,47.26121521
150,47.14950562
151,15.63036442
152,16.05408096
153,15.06498051
154,8.157613754
155,19.26297569
156,36.17374802
157,42.33464432
158,38.04134369
159,42.42141342
160,48.15542221
161,49.4878273
162,48.38000107
163,47.64941025
164,45.43756485
165,27.12279701
166,15.05945778
167,19.58976364
168,17.30368233
169,18.10546684
170,12.55870342
171,11.06074715
172,44.19300842
173,48.56210327
174,44.98545074
175,27.11454964
176,22.32260323
177,17.56258011
178,18.43554878
179,10.59124565
180,44.62586975
181,48.59425354
182,48.94371796
183,48.55643845
184,41.96562195
185,18.25053215
186,18.81157684
187,38.0438652
188,24.47669411
189,47.96181488
190,41.61795807
191,42.89733124
192,40.27667618
193,40.56908035
194,39.38153839
195,35.65907288
196,39.58951569
197,42.26525116
198,38.29795837
199,47.62926865
200,47.48949814
201,25.67807961
202,24.55625343
203,20.84302711
204,18.74198723
205,19.5436573
206,40.24842834
207,41.14809036
208,48.12867355
209,49.12119675
210,47.68039703
211,46.86474228
212,27.21300125
213,13.59162617
214,24.10990143
215,22.70011139
216,16.74137497
217,22.91519547
218,45.02287674
219,48.2787056
220,47.47556305
221,45.97503281
222,28.25901222
223,17.9950943
224,11.49147511
225,22.97071648
226,45.9173584
227,48.25172806
228,17.04153633
229,22.85263824
230,17.51188278
231,16.82991409
232,41.66928482
233,48.33520889
234,47.24232864
235,17.29019547
236,22.00795174
237,19.31265259
238,21.0414238
239,44.85518265
240,32.54171371
241,32.18097687
242,48.96417618
243,50.15643311
244,49.20672989
245,49.50871658
246,26.29275322
247,19.13146591
248,18.80478096
249,20.40551949
250,20.65352058
251,33.26900101
252,43.15084076
253,25.62932587
254,22.06661224
255,47.15831375
256,47.15831375
257,45.99935532
258,41.8473587
259,40.52632141
260,40.38018417
261,33.99923325
262,35.08740997
263,43.04702377
264,23.6775322
265,43.06070709
266,48.22276688
267,45.48228073
268,18.00542641
269,19.45562172
270,17.31795502
271,18.46989441
272,17.62012863
273,12.80616379
274,45.6776886
275,47.99504471
276,48.49919128
277,47.89781189
278,27.48449707
279,15.41662979
280,16.72919655
281,22.96273613
282,20.15322113
283,16.75712013
284,12.33809948
285,11.01205063
286,47.45250702
287,48.58109665
288,13.80462265
289,17.30685616
290,15.2700367
291,10.56409836
292,8.954586029
293,20.66474533
294,43.82336044
295,49.09560776
296,47.62644958
297,32.21376038
298,19.03546906
299,28.35074043
300,20.69039536
301,18.33418655
302,24.96267128
303,42.48345184
304,40.96272659
305,49.29747772
306,48.24150085
307,48.76791
308,45.6917038
309,30.88923454
310,16.89536095
311,10.75084209
312,42.20647812
313,35.479496
314,37.34164047
315,48.78020096
316,47.43389511
317,38.23711395
318,28.80661583
319,35.09177399
320,42.58491516
321,47.14319992
322,46.82123566
323,45.92538071
324,44.47238159
325,44.03514862
326,43.47172546
327,41.14188004
328,41.26487732
329,39.41588974
330,41.26101303
331,42.72549438
332,43.73878098
333,39.12371826
334,37.77635574
335,45.07928467
336,47.51789856
337,47.05657196
338,16.73105621
339,21.23360062
340,21.75048065
341,25.6680851
342,44.62639618
343,44.45475006
344,48.391716
345,48.11158752
346,47.39057922
347,18.19312859
348,38.84275055
349,48.68068695
350,48.33634949
351,47.6222496
352,30.5778389
353,16.38599014
354,25.93525314
355,19.3259964
356,19.34238243
357,23.18576622
358,38.64267349
359,45.36572266
360,45.04024887
361,48.59642792
362,15.83261204
363,23.91397285
364,18.63915443
365,17.58102989
366,12.45012379
367,21.99833679
368,43.66757202
369,48.95585251
370,48.18569946
371,47.65900803
372,47.29951477
373,18.21925545
374,19.02431107
375,11.38947201
376,20.6902504
377,35.4455452
378,37.85251236
379,48.70311737
380,28.63152122
381,20.09695816
382,17.41839027
383,33.04710007
384,43.89891052
385,47.04196167
386,46.77745438
387,44.28386688
388,42.29074097
389,38.49573898
390,37.43386078
391,39.18720245
392,47.93377686
393,48.30551147
394,47.29543304
395,16.9185524
396,18.09963608
397,28.55040741
398,27.08042908
399,17.79526329
400,12.40419102
401,38.10229874
402,39.86644363
403,48.48630905
404,47.19343185
405,45.7638588
406,31.44338036
407,18.72189331
408,20.00591278
409,18.64821815
410,19.33225632
411,13.0386076
412,38.99763489
413,35.8418045
414,43.67839432
415,48.2253418
416,47.84790039
417,47.6978302
418,47.27305603
419,32.38918304
420,18.17844963
421,12.21729851
422,44.8951149
423,40.15440369
424,48.31031799
425,48.80438232
426,45.61838913
427,35.94988251
428,27.74505997
429,37.70701599
430,39.50402069
431,48.12827301
432,47.62918854
433,45.42073441
434,29.84154701
435,33.71009445
436,26.22324753
437,25.44860458
438,48.10873795
439,47.53511047
440,48.90027618
441,39.31745529
442,33.84779358
443,36.14125061
444,32.57115173
445,37.49274445
446,29.58297157
447,31.93995285
448,46.82988739
449,45.27347565
450,44.49946594
451,43.32189178
452,41.27939224
453,42.02466965
454,42.86642456
455,37.55270386
456,40.42741013
457,39.74372482
458,48.04039764
459,48.63292694
460,38.80092621
461,27.60990524
462,30.58757019
463,26.75030518
464,35.43523026
465,40.78417206
466,47.79070282
467,48.09967041
468,47.06499481
469,44.7633667
470,21.26060867
471,28.5680027
472,27.86187744
473,25.18845558
474,18.34573174
475,33.31554794
476,47.76221466
477,45.03654099
478,41.6366539
479,27.6210537
480,29.20615005
481,27.48128891
482,31.28261375
483,47.92681885
484,47.23019409
485,46.53329468
486,36.00920486
487,40.96670151
488,27.55925369
489,20.06313705
490,16.5209198
491,36.51968384
492,43.38335037
493,47.45692444
494,47.61790848
495,46.58304214
496,22.66663551
497,31.37671852
498,40.39043045
499,49.16979218
500,49.38851166
501,49.71612549
502,49.33366394
503,48.60507965
504,37.83558273
505,38.01256561
506,27.34850121
507,25.44206047
508,27.23134995
509,43.99008179
510,47.22398376
511,47.58930206
512,46.2418251
513,46.06846237
514,42.70144653
515,41.06429291
516,41.07730484
517,41.46883011
518,47.74837494
519,47.28514481
520,18.90468216
521,23.56064796
522,21.1049118
523,21.38219643
524,15.10185051
525,46.08179092
526,48.30839539
527,48.86540985
528,47.68378067
529,27.76184654
530,18.14349365
531,22.74818802
532,19.53091049
533,15.70218468
534,14.00323582
535,46.92891312
536,26.67071915
537,17.56568527
538,17.89093399
539,18.28016281
540,12.95844936
541,11.62173367
542,44.73809433
543,43.90946198
544,48.09625626
545,45.76787567
546,14.50561142
547,21.63857841
548,22.27642059
549,21.16190529
550,17.21099281
551,40.99103546
552,41.93855286
553,48.39852142
554,47.87467575
555,45.32217407
556,27.50621796
557,16.63588142
558,22.80165672
559,23.14401436
560,17.277668
561,17.91067505
562,18.26107788
563,16.56987572
564,15.52894402
565,12.43398762
566,44.59477234
567,37.08283234
568,38.83424759
569,49.09418488
570,48.72397995
571,29.57152748
572,43.9395752
573,47.67346954
574,47.28674316
575,47.66413879
576,46.97385406
577,44.15821457
578,40.23163986
579,45.36695862
580,45.09211731
581,34.67271042
582,48.03425217
583,48.55999374
584,15.54002762
585,17.97362709
586,23.9608326
587,24.5167923
588,20.20279503
589,18.69289589
590,19.98789597
591,18.74069595
592,46.50834274
593,48.13602829
594,48.74438477
595,47.1604538
596,45.21996307
597,28.50329208
598,24.31797218
599,18.79880142
600,13.88385773
601,47.85065079
602,47.76982117
603,45.5599823
604,14.81718349
605,19.95850182
606,40.1723175
607,41.84606552
608,47.76967621
609,48.65321732
610,47.31113434
611,47.15677261
612,44.98460388
613,15.72295094
614,22.02206039
615,18.23846817
616,16.53637505
617,17.38714981
618,11.88153744
619,23.04518509
620,41.06455994
621,49.84083557
622,49.15187836
623,48.20954895
624,45.67493057
625,27.38312531
626,18.78544998
627,16.88082123
628,17.64366531
629,11.52164173
630,22.94827271
631,49.67393494
632,48.48492432
633,48.00999069
634,42.85657501
635,26.43037987
636,22.95935631
637,47.61382294
638,47.98425293
639,47.27366257
640,41.11878204
641,42.36149216
642,42.1821785
643,37.83232498
644,37.05872345
645,39.00628281
646,37.48986435
647,47.91062164
648,48.24992752
649,47.57473373
650,45.43728638
651,17.37711525
652,18.38386726
653,11.24515629
654,22.88419914
655,47.47370911
656,48.1289444
657,47.56803131
658,46.89047623
659,46.42092133
660,44.74550247
661,16.38811111
662,22.41804504
663,18.34838676
664,18.81657982
665,17.73008728
666,16.7096405
667,11.16103649
668,41.8157692
669,36.86073685
670,41.968853
671,47.64352798
672,45.45156479
673,22.76568794
674,18.0604229
675,36.53525162
676,48.8747139
677,48.45052719
678,47.17341232
679,14.82211971
680,22.75449753
681,19.82992172
682,19.2069397
683,17.74384308
684,43.87417221
685,48.33428192
686,47.87715912
687,47.51790237
688,45.43016052
689,26.84784126
690,16.23939514
691,22.19291306
692,17.30725479
693,16.74081612
694,48.53776932
695,47.40559387
696,40.85489655
697,25.96720695
698,25.16425133
699,20.09259224
700,17.57723427
701,19.24310112
702,42.49196625
703,46.00893402
704,47.35732269
705,47.34648514
706,47.03470612
707,44.84773636
708,42.01244354
709,40.92689896
710,40.99173737
711,41.88488388
712,41.91980362
713,41.056633
714,37.16617584
715,44.25183487
716,36.95481873
717,45.08350372
718,47.28564835
719,27.02648354
720,16.62987137
721,12.20352364
722,10.81967068
723,45.45659256
724,45.09130478
725,46.98639297
726,46.52074432
727,26.13425636
728,17.79807281
729,17.25362206
730,11.62192345
731,42.70611954
732,47.61805344
733,48.23648834
734,45.35041046
735,12.68592072
736,14.94901562
737,14.43001747
738,14.37414265
739,8.304646492
740,32.90114975
741,42.42097855
742,47.66436768
743,48.32879257
744,47.90025711
745,24.60311317
746,16.65953636
747,22.44210243
748,22.15130043
749,18.15187836
750,17.43329239
751,16.17697144
752,41.03276062
753,48.85137939
754,48.34175873
755,46.48561478
756,46.87095642
757,16.07040405
758,17.31584167
759,16.15904999
760,15.32339096
761,10.51531792
762,20.06393433
763,44.60327148
764,35.51274872
765,38.14477921
766,49.19016266
767,48.58417892
768,39.82590103
769,19.28792572
770,18.85085678
771,19.55664635
772,32.02225494
773,47.24868774
774,47.56312943
775,47.15274429
776,46.64135742
777,46.11872482
778,41.11154175
779,38.03477097
780,47.59666061
781,48.14598083
782,47.41246033
783,14.01355362
784,15.74865246
785,17.18450737
786,15.3062849
787,16.7507019
788,11.23031807
789,21.52718735
790,47.6652832
791,48.3698082
792,47.08427429
793,47.80083847
794,21.86769485
795,21.83247948
796,14.48623848
797,10.9599905
798,19.46448135
799,46.9019165
800,25.96118355
801,12.8241291
802,16.32677841
803,13.57389259
804,14.58063507
805,11.06863213
806,38.12805176
807,43.93819427
808,47.87618637
809,47.42623901
810,47.53855133
811,47.05733871
812,26.36520004
813,12.85570145
814,22.37483406
815,21.81440353
816,17.73618889
817,43.53714752
818,36.59274292
819,49.43257904
820,47.44269943
821,33.38208389
822,39.82082367
823,28.02023125
824,26.48531532
825,26.65810585
826,49.15435028
827,48.98302078
828,37.39451218
829,36.08510208
830,37.06064606
831,30.13712502
832,42.14280701
833,37.23635101
834,47.8936348
835,47.86125183
836,45.38664627
837,43.36227036
838,36.25496674
839,38.85343933
840,48.33638
841,48.69048309
842,48.08583069
843,41.0802536
844,28.43727684
845,24.26139641
846,35.00225067
847,41.15029907
848,48.31582642
849,49.03360367
850,48.43297577
851,17.69826126
852,25.49828911
853,24.38525963
854,23.49107933
855,25.22323799
856,21.91130447
857,43.51550674
858,47.152771
859,48.44518661
860,47.71631622
861,47.23789978
862,15.26802731
863,24.2790947
864,21.79323006
865,21.26749611
866,26.42202377
867,46.22172928
868,42.63380432
869,49.23587418
870,47.70756531
871,33.47409058
872,29.43162346
873,23.67026138
874,45.08860779
875,45.56342316
876,49.0408783
877,48.62108994
878,47.10415268
879,18.50345039
880,13.9809866
881,12.40049744
882,21.89854431
883,45.06576538
884,40.35593033
885,47.15732574
886,49.08945847
887,48.70386505
888,48.75424576
889,48.04334641
890,45.10906219
891,24.81229973
892,21.92622566
893,24.35836601
894,40.21947861
895,47.7146492
896,44.0221138
897,40.19556808
898,43.90962982
899,44.03072357
900,45.97541046
901,47.88232803
902,47.20846558
903,27.35111427
904,14.64382172
905,16.42728806
906,21.3128376
907,20.00395393
908,16.99101257
909,12.48068047
910,39.31116486
911,45.40821457
912,47.47652817
913,47.36481857
914,46.83654404
915,23.15354538
916,21.18364334
917,16.38599968
918,17.96170807
919,12.29541492
920,47.71362305
921,48.24425125
922,47.60191345
923,14.23687935
924,22.90252876
925,21.52340126
926,16.36832428
927,17.45454216
928,11.76010799
929,9.516080856
930,18.53014374
931,36.46183777
932,45.07962036
933,47.69604492
934,14.16571617
935,16.72555542
936,17.74982071
937,16.25147629
938,12.0558033
939,20.83411217
940,44.49280167
941,48.32875824
942,48.54247284
943,47.41614914
944,47.03112793
945,27.34475136
946,13.7000885
947,22.49075699
948,20.67760086
949,16.32748222
950,39.46790695
951,47.62042236
952,48.69779205
953,46.89076614
954,37.04627609
955,24.01128197
956,23.00142288
957,18.27402878
958,42.29803085
959,36.82439041
960,44.50321579
961,47.51245117
962,47.30477905
963,46.17863464
964,44.14088058
965,42.00482178
966,42.76097107
967,42.0812149
968,43.38672638
969,43.18674469
970,37.9405899
971,38.40737152
972,46.87244797
973,14.58000946
974,18.8681221
975,23.54947281
976,19.35809708
977,17.37063026
978,18.13980675
979,13.10034275
980,11.24015331
981,23.2855587
982,45.1138649
983,47.98566437
984,48.38144684
985,47.36149979
986,22.99711418
987,18.87810707
988,16.78268623
989,10.52132893
990,38.2282753
991,45.03475571
992,48.86779404
993,47.65646744
994,47.54475784
995,47.09141159
996,27.55056953
997,14.65446663
998,19.32576561
999,22.52826881
1000,17.48423576
1001,16.25798416
1002,17.88292122
1003,11.73595524
1004,21.65756226
1005,45.05067062
1006,48.41015244
1007,47.09850693
1008,44.76293564
1009,27.58630371
1010,19.37173653
1011,18.57423592
1012,12.58597279
1013,11.21818352
1014,43.85677338
1015,48.4649086
1016,46.78024673
1017,27.61021042
1018,18.99300385
1019,22.80076408
1020,16.48552895
1021,17.70063782
1022,10.57367229
1023,36.03855896
1024,44.8613205
1025,38.18045807
1026,48.06554413
1027,26.63929176
1028,20.1741581
1029,18.78408432
1030,20.18869781
1031,19.44886398
1032,19.67874146
1033,41.43964767
1034,39.8208313
1035,45.62094116
1036,47.3223114
1037,47.6595726
1038,42.4786377
1039,39.54094315
1040,40.64978027
1041,39.46498489
1042,38.20067215
1043,38.03427124
1044,44.49250031
1045,38.11774826
1046,35.33869934
1047,47.94974518
1048,47.48906326
1049,47.18811035
1050,27.54950714
1051,22.08771515
1052,17.41613388
1053,10.01960754
1054,45.69075775
1055,48.594944
1056,48.08860397
1057,46.69270325
1058,45.20636749
1059,14.10701275
1060,22.51817322
1061,18.18709946
1062,9.915176392
1063,38.26207733
1064,44.99331665
1065,40.55170822
1066,48.77825928
1067,47.70687103
1068,48.26620102
1069,47.22111511
1070,46.20075226
1071,45.40589142
1072,14.30856419
1073,17.05434418
1074,16.27820396
1075,21.65070534
1076,38.0642395
1077,48.3229332
1078,45.53685379
1079,14.17394638
1080,17.25838852
1081,16.77989769
1082,16.67594528
1083,12.08481598
1084,43.99686432
1085,38.70693588
1086,44.04164505
1087,47.27886581
1088,17.81374168
1089,11.53337383
1090,39.19882584
1091,41.33450317
1092,48.37080765
1093,47.98561478
1094,47.02801895
1095,38.96242142
1096,24.82117844
1097,23.20410728
1098,17.31819153
1099,17.99962425
1100,18.47020912
1101,31.46175957
1102,41.74972153
1103,39.47141647
1104,36.68703079
1105,36.59266663
1106,47.59125519
1107,46.9839325
1108,41.96795273
1109,41.12051773
1110,41.2720108
1111,39.47689056
1112,37.5317688
1113,43.63711929
1114,43.97608948
1115,47.60838318
1116,47.56029892
1117,47.03147507
1118,21.91291046
1119,24.81124306
1120,39.41273499
1121,39.94147873
1122,44.00232315
1123,48.68753052
1124,45.68893051
1125,29.3805275
1126,29.06251335
1127,26.8286705
1128,34.16568375
1129,38.76834488
1130,44.38291931
1131,47.86671829
1132,47.22770309
1133,45.46889496
1134,28.51107407
1135,17.67847824
1136,20.54131699
1137,18.33270836
1138,16.92111778
1139,12.37870026
1140,44.93094635
1141,40.5189743
1142,47.73866653
1143,48.83908844
1144,47.52402878
1145,28.02087212
1146,17.92132378
1147,18.82824898
1148,46.77103043
1149,45.06385803
1150,14.46030331
1151,20.87392426
1152,21.72634315
1153,18.15207291
1154,19.61717415
1155,12.13408566
1156,11.50579643
1157,21.69148064
1158,37.25502014
1159,36.26295471
1160,48.8326149
1161,48.40537262
1162,48.62405396
1163,46.97543716
1164,27.6824131
1165,20.17565346
1166,20.41740036
1167,18.29025269
1168,44.659729
1169,46.58948898
1170,45.90638351
1171,42.55779648
1172,37.63741302
1173,37.37306213
1174,44.00516891
1175,47.53209686
1176,47.01680374
1177,28.01060486
1178,15.75636387
1179,17.97256088
1180,18.71073532
1181,17.18547058
1182,12.25177956
1183,45.01743698
1184,44.61356735
1185,46.61146545
1186,45.75909042
1187,45.44373703
1188,26.32130623
1189,17.33521652
1190,15.77314186
1191,17.16165543
1192,36.97983932
1193,43.73278809
1194,47.31897354
1195,46.62546539
1196,46.21166229
1197,44.45342636
1198,26.22986794
1199,43.319767
1200,47.81053543
1201,47.38541412
1202,44.02243042
1203,15.04916
1204,20.80625534
1205,16.53878784
1206,17.28597641
1207,10.73349667
1208,20.49445724
1209,36.00154877
1210,46.44166946
1211,44.81960297
1212,17.9239521
1213,18.88759995
1214,18.11493492
1215,16.82600021
1216,46.9780426
1217,47.54940796
1218,46.53680801
1219,40.80220795
1220,24.02963066
1221,19.38739014
1222,17.12681007
1223,18.91272163
1224,18.43464088
1225,18.55659866
1226,18.12695122
1227,41.2367363
1228,35.38832092
1229,36.1672821
1230,47.06409073
1231,47.19274521
1232,43.26010895
1233,41.24865341
1234,40.51016998
1235,47.76226807
1236,15.08818245
1237,20.21049118
1238,17.56488991
1239,12.79357815
1240,22.47896385
1241,44.60299301
1242,40.61367035
1243,44.34952164
1244,48.53243256
1245,47.35128403
1246,17.01216698
1247,23.37325096
1248,22.697052
1249,12.44986629
1250,44.30981827
1251,48.75617981
1252,47.62310791
1253,47.51139832
1254,23.33560562
1255,16.45539856
1256,17.80778122
1257,40.01819992
1258,47.61088181
1259,47.12683105
1260,46.62704468
1261,44.9456749
1262,25.82277489
1263,23.25685501
1264,17.21200943
1265,17.85066032
1266,15.17196846
1267,16.84373665
1268,22.64673996
1269,48.29768753
1270,47.89081192
1271,48.46373367
1272,45.3536377
1273,14.43544769
1274,17.11902237
1275,18.42497063
1276,17.67852783
1277,10.89087868
1278,21.01341248
1279,37.81615448
1280,44.25646973
1281,36.96942902
1282,48.04431534
1283,48.02634048
1284,47.39225006
1285,25.30404663
1286,26.19667053
1287,21.74697495
1288,19.16015434
1289,21.22681427
1290,34.92920685
1291,47.58953857
1292,47.21097183
1293,44.62281799
1294,41.78274536
1295,41.28087997
1296,41.07789612
1297,37.08449554
1298,44.605793
1299,46.14322662
1300,45.81312943
1301,43.92321777
1302,24.15465546
1303,12.26303959
1304,22.86550713
1305,48.1262207
1306,48.12051392
1307,47.94149017
1308,47.44312668
1309,38.34641647
1310,30.52002144
1311,33.86016083
1312,26.61349297
1313,25.75900078
1314,19.1201992
1315,31.1680336
1316,38.51984406
1317,39.6374855
1318,44.10506058
1319,47.97930145
1320,47.50693893
1321,45.33798218
1322,17.42511749
1323,15.35377121
1324,17.92039299
1325,22.88903809
1326,48.30441284
1327,23.52492332
1328,19.44209862
1329,15.92090702
1330,18.18144989
1331,12.40267467
1332,23.19682693
1333,38.19260025
1334,37.81081009
1335,48.40177155
1336,46.97650528
1337,45.46566391
1338,17.5639534
1339,18.87554169
1340,16.57761955
1341,18.02313614
1342,49.31395721
1343,48.03411102
1344,42.55268478
1345,27.7785244
1346,26.29745674
1347,19.29701233
1348,18.96992683
1349,42.25298691
1350,39.3909111
1351,41.25961304
1352,41.09238434
1353,40.85816956
1354,41.72238922
1355,37.51822662
1356,41.74751282
1357,37.75209045
1358,47.32372665
1359,28.01744461
1360,24.32074165
1361,24.0758419
1362,18.98488426
1363,16.53728104
1364,18.45895576
1365,12.50724888
1366,10.97072124
1367,39.03991699
1368,47.80080414
1369,27.34548187
1370,23.2599926
1371,16.68238068
1372,10.8966074
1373,38.84304047
1374,48.23997498
1375,47.89723969
1376,48.39671326
1377,28.45953178
1378,19.40360832
1379,41.12294388
1380,44.67444229
1381,47.34762955
1382,19.13754272
1383,12.04659462
1384,38.00113297
1385,41.67464447
1386,41.87991333
1387,47.6705513
1388,48.24290466
1389,44.83107376
1390,13.54903603
1391,16.98727798
1392,23.13500404
1393,16.65792847
1394,16.89380646
1395,12.90206242
1396,42.48765182
1397,49.12965393
1398,48.56043243
1399,48.55059433
1400,23.40394783
1401,24.54379272
1402,47.20154572
1403,46.53814697
1404,45.77204895
1405,44.15347672
1406,42.97251511
1407,42.70206451
1408,44.02551651
1409,41.74631119
1410,42.61265564
1411,44.61528778
1412,47.15720367
1413,47.300354
1414,11.94853878
1415,25.02597809
1416,39.35441589
1417,46.41788864
1418,45.55212021
1419,45.80306244
1420,16.30788803
1421,22.76956558
1422,22.69421005
1423,18.25126839
1424,16.0425663
1425,12.90060234
1426,10.7696867
1427,23.97382355
1428,39.6631012
1429,46.65179825
1430,47.29423523
1431,46.50777054
1432,46.20637894
1433,44.51227188
1434,22.74383545
1435,18.63316727
1436,19.27429199
1437,17.88088799
1438,13.29246235
1439,23.51246643
1440,37.02367783
1441,42.70331573
1442,47.30270004
1443,46.7905159
1444,44.73743439
1445,26.42061043
1446,16.03863525
1447,44.11843109
1448,46.58412552
1449,44.87746429
1450,24.22957039
1451,11.62568378
1452,14.26119518
1453,16.45892715
1454,10.81421566
1455,35.60640717
1456,36.2822876
1457,48.20825577
1458,47.72509003
1459,46.4519043
1460,25.44575119
1461,18.79070854
1462,19.44804382
1463,34.63578033
1464,45.34479141
1465,47.07183456
1466,46.82940292
1467,45.83993912
1468,43.79288864
1469,42.42505264
1470,43.58522797
1471,41.8313446
1472,47.23279572
1473,46.80459595
1474,14.17138481
1475,18.66203499
1476,17.36595917
1477,10.46374321
1478,38.93140793
1479,40.79523468
1480,47.54261017
1481,46.69799423
1482,46.48669815
1483,26.02962875
1484,22.66196442
1485,21.90982437
1486,18.81226921
1487,16.00996208
1488,11.91603184
1489,10.48629379
1490,21.95137215
1491,37.74511337
1492,46.9269104
1493,46.15603256
1494,45.84117126
1495,43.38297653
1496,17.43029976
1497,16.44421005
1498,16.35451698
1499,9.705961227
1500,17.85320663
1501,37.17765427
1502,44.20494461
1503,48.02740479
1504,47.00003052
1505,45.31590652
1506,13.92705727
1507,16.43679619
1508,18.82058716
1509,17.82727242
1510,17.01429558
1511,12.70063019
1512,11.23669243
1513,37.75768661
1514,44.30105591
1515,38.81034851
1516,45.06868744
1517,21.2716217
1518,9.23766613
1519,37.75059128
1520,36.48922348
1521,47.39490891
1522,46.67179108
1523,25.85940742
1524,23.67443466
1525,19.15221977
1526,18.75053787
1527,18.63460922
1528,41.41046143
1529,35.17010498
1530,45.08023834
1531,46.71108627
1532,38.2552681
1533,40.18622971
1534,43.05820465
1535,43.01399231
1536,37.34297562
1537,48.81625366
1538,47.3704834
1539,48.4189415
1540,48.11611557
1541,45.69701385
1542,29.61588287
1543,26.6032486
1544,28.51075172
1545,26.66147232
1546,26.55061531
1547,39.49983978
1548,47.41868973
1549,48.56553268
1550,46.95716095
1551,44.80474472
1552,24.13471794
1553,18.34752846
1554,18.05694389
1555,16.20975113
1556,12.41012192
1557,22.7805481
1558,37.54243088
1559,47.50560379
1560,48.6102562
1561,47.43560791
1562,46.60198593
1563,12.58039093
1564,19.62389946
1565,11.36197186
1566,11.8687191
1567,22.00873375
1568,44.20849991
1569,47.43449783
1570,20.57246971
1571,18.86433601
1572,16.85553932
1573,15.72669697
1574,12.50981522
1575,22.97227478
1576,43.91923904
1577,41.51715088
1578,47.20933533
1579,47.48218155
1580,44.8578186
1581,43.82925034
1582,21.54709435
1583,16.76097298
1584,13.46588993
1585,10.03508663
1586,37.2163353
1587,44.03568268
1588,34.27069855
1589,36.73175812
1590,46.05415726
1591,47.21373367
1592,46.80130768
1593,39.4296875
1594,26.72784042
1595,22.72657585
1596,14.61589432
1597,29.86748695
1598,40.76164246
1599,35.65543365
1600,45.54886246
1601,45.87688828
1602,45.54297638
1603,45.0519371
1604,38.89506912
1605,40.66806412
1606,40.3982811
1607,36.6624794
1608,33.85903549
1609,45.61741257
1610,44.63201904
1611,45.48536301
1612,44.61423874
1613,15.56362343
1614,17.1743679
1615,17.86093903
1616,17.97959137
1617,37.44632339
1618,42.72037506
1619,46.00870514
1620,47.31344986
1621,45.56590271
1622,46.41046143
1623,45.12333298
1624,43.52812195
1625,24.59084702
1626,15.22021198
1627,22.32158089
1628,21.54334068
1629,16.26488495
1630,10.78944778
1631,46.66067505
1632,47.1686821
1633,46.33477402
1634,46.83036041
1635,45.85328674
1636,44.24856949
1637,14.96471214
1638,22.87622643
1639,23.70214653
1640,16.51675224
1641,10.57222939
1642,22.11506653
1643,38.14456177
1644,43.5406189
1645,46.7108345
1646,47.2595253
1647,46.26686859
1648,22.41499901
1649,16.68154144
1650,17.86533737
1651,16.55852509
1652,10.27721691
1653,23.01563454
1654,37.88353348
1655,36.69470596
1656,47.86748886
1657,44.99630356
1658,16.04224396
1659,24.10046768
1660,21.51322556
1661,16.39847946
1662,18.95123291
1663,18.48824692
1664,16.647892
1665,35.74446869
1666,45.96840668
1667,39.01185989
1668,24.78877831
1669,21.92562485
1670,23.21319389
1671,18.10505104
1672,38.14968109
1673,35.59721375
1674,35.73574448
1675,45.43300629
1676,46.89903259
1677,46.81735611
1678,40.65164185
1679,43.62862396
1680,44.11263275
1681,47.71825027
1682,48.15395737
1683,47.63055038
1684,38.93922424
1685,32.82250214
1686,33.86499786
1687,28.51477051
1688,29.59988022
1689,26.3416214
1690,20.69748116
1691,31.93113708
1692,43.42893982
1693,39.33558273
1694,47.26501846
1695,46.6789093
1696,45.04103088
1697,11.47870827
1698,22.33744049
1699,18.8298111
1700,44.24425507
1701,46.54586792
1702,28.62587166
1703,11.49185276
1704,13.06968117
1705,19.44998169
1706,19.55190086
1707,10.79096603
1708,23.83857918
1709,40.41047668
1710,44.18301773
1711,48.62621689
1712,47.82308197
1713,45.0549202
1714,23.02405548
1715,20.32729912
1716,17.53656578
1717,15.77302933
1718,43.93499756
1719,42.45149612
1720,47.74551392
1721,46.89178467
1722,44.8216095
1723,30.64702034
1724,20.16337967
1725,21.28500938
1726,37.90407562
1727,43.7490654
1728,48.19415283
1729,41.61564636
1730,16.7761898
1731,11.08248043
1732,42.46453857
1733,47.35105515
1734,46.9071579
1735,46.57194901
1736,41.91148376
1737,39.99228668
1738,38.76213455
1739,42.73588943
1740,44.35212708
1741,43.47309113
1742,37.27648544
1743,42.85202408
1744,36.48791885
1745,43.40616989
1746,12.78283024
1747,18.72157478
1748,22.10624313
1749,37.60734177
1750,39.1053772
1751,47.57146072
1752,48.36429977
1753,15.74540043
1754,19.49696159
1755,19.89884758
1756,17.92727852
1757,38.37619019
1758,47.36620712
1759,47.01964569
1760,47.43806839
1761,46.90481949
1762,43.73291016
1763,14.95999718
1764,17.28039932
1765,22.47020149
1766,20.19893456
1767,49.39717102
1768,48.1713562
1769,47.55283356
1770,22.66676712
1771,21.09697723
1772,17.51382256
1773,47.73210907
1774,46.86430359
1775,47.46503067
1776,46.74861908
1777,46.41775513
1778,11.97219753
1779,19.03177643
1780,19.77309036
1781,17.75203323
1782,18.31318092
1783,38.8516655
1784,44.35515976
1785,46.22015762
1786,41.36530304
1787,26.32673264
1788,20.76988029
1789,18.31084633
1790,20.16155815
1791,25.56591034
1792,22.17713547
1793,20.34114647
1794,39.3772583
1795,38.94598007
1796,35.16604996
1797,43.80514145
1798,46.67584229
1799,46.63037872
1800,45.02775574
1801,42.49701691
1802,42.88708878
1803,40.19253159
1804,40.75737381
1805,41.70674515
1806,37.61517715
1807,43.04891205
1808,43.31477356
1809,45.99403381
1810,47.5420723
1811,45.73295975
1812,45.73158264
1813,43.49779129
1814,14.78126049
1815,20.86005783
1816,20.91862106
1817,15.86870575
1818,24.33391762
1819,39.81134796
1820,42.50316238
1821,47.32062149
1822,46.71892166
1823,14.5255394
1824,17.20507622
1825,23.85456276
1826,20.24880981
1827,23.79363632
1828,24.81547546
1829,43.57133102
1830,38.91786194
1831,48.57378769
1832,46.99626923
1833,44.85089111
1834,32.43995667
1835,17.18234062
1836,25.47707176
1837,23.71080589
1838,20.19084167
1839,20.12589455
1840,21.77627754
1841,38.05097961
1842,39.57725906
1843,44.8633461
1844,23.49780846
1845,18.87995338
1846,19.34345055
1847,12.12658024
1848,39.03733826
1849,47.1668663
1850,47.12916183
1851,45.04705048
1852,23.7978611
1853,22.37185287
1854,18.79677963
1855,19.12285805
1856,19.84182549
1857,38.1685791
1858,33.91002274
1859,48.67437744
1860,47.29312134
1861,26.44004059
1862,25.85315323
1863,22.60327148
1864,22.43034554
1865,47.02390671
1866,46.90241623
1867,45.09648514
1868,42.7485466
1869,44.75062561
1870,39.09810638
1871,39.63841248
1872,43.20830536
1873,33.94771957
1874,46.39715576
1875,47.38570786
1876,46.54111099
1877,44.32601166
1878,24.14699745
1879,21.66252518
1880,11.92534924
1881,48.10208511
1882,48.55011749
1883,47.66966629
1884,47.44143677
1885,18.38188362
1886,24.76530266
1887,20.79636002
1888,21.63607216
1889,24.50519943
1890,47.66413879
1891,17.84240723
1892,25.39535713
1893,24.09900093
1894,22.86410332
1895,13.60796738
1896,47.4361496
1897,48.30884171
1898,20.55331802
1899,21.93999863
1900,13.20437241
1901,25.05943489
1902,38.75656509
1903,48.68392944
1904,45.20181656
1905,17.05425453
1906,19.98973656
1907,20.08467102
1908,21.15102577
1909,15.30959415
1910,21.95561981
1911,47.43429565
1912,46.80724716
1913,27.25025558
1914,25.03710747
1915,26.52013969
1916,23.47745514
1917,20.82958603
1918,33.19066238
1919,42.04407883
1920,39.30116272
1921,47.43347549
1922,44.44098282
1923,40.75097275
1924,38.40057755
1925,40.38385391
1926,41.78751755
1927,43.34747314
1928,44.17976761
1929,47.28681564
1930,34.01395035
1931,15.02992153
1932,21.39939308
1933,20.18910599
1934,20.49889183
1935,21.1672039
1936,39.21427917
1937,39.45994186
1938,42.75337601
1939,47.1555748
1940,46.57551575
1941,44.76912308
1942,33.2685585
1943,14.2323637
1944,25.31794739
1945,23.9361248
1946,18.86914444
1947,23.72208405
1948,42.78993988
1949,42.97530365
1950,48.3728447
1951,46.57236481
1952,44.74307632
1953,30.62373161
1954,17.27527809
1955,19.04480362
1956,19.12770844
1957,14.62546921
1958,11.80337715
1959,40.47425461
1960,47.06729126
1961,47.99972153
1962,46.71968079
1963,47.47999954
1964,44.42836761
1965,23.33776283
1966,18.94482422
1967,42.90339661
1968,41.8560791
1969,48.71836472
1970,44.66425705
1971,16.0235672
1972,17.24271774
1973,17.34037399
1974,16.95628166
1975,11.25137806
1976,20.57866669
1977,38.01020813
1978,48.68920135
1979,47.81115723
1980,48.42378616
1981,46.4871521
1982,42.2175827
1983,28.72926712
1984,25.88869476
1985,23.2612915
1986,21.38996124
1987,21.48556519
1988,36.59016418
1989,45.14690781
1990,47.33752441
1991,46.79934692
1992,46.46981812
1993,44.43401337
1994,41.02221298
1995,41.24111938
1996,41.13695145
1997,42.09020615
1998,47.58370209
1999,31.57114983
2000,20.89200592
2001,21.65083885
2002,20.67350578
2003,14.78696346
2004,24.43174744
2005,44.43525696
2006,43.72979736
2007,47.17696381
2008,14.60163593
2009,17.44082451
2010,23.54072762
2011,17.66131401
2012,13.4510746
2013,17.16022682
2014,22.96449471
2015,18.348526
2016,18.516819
2017,12.90725899
2018,38.10332489
2019,40.55538559
2020,43.36103058
2021,47.5904274
2022,47.269104
2023,47.15739441
2024,22.76811028
2025,19.19680786
2026,20.53154182
2027,20.94074821
2028,15.69289684
2029,43.95364761
2030,37.53268814
2031,41.36422729
2032,47.03844833
2033,44.63460541
2034,21.33551788
2035,17.59500694
2036,15.60703182
2037,16.54719353
2038,9.90514183
2039,48.20439529
2040,46.82562256
2041,47.59762573
2042,27.98834229
2043,26.05584145
2044,19.48111343
2045,21.16734695
2046,42.23968506
2047,39.5580864
2048,36.86112595
2049,40.51422119
2050,39.0507431
2051,42.39408493
2052,37.13488388
2053,46.95126343
2054,47.21266937
2055,44.76794815
2056,17.64291
2057,23.56954384
2058,21.66490555
2059,19.75814819
2060,20.30226135
2061,16.16074753
2062,13.67577839
2063,46.64553452
2064,47.53869247
2065,46.40084839
2066,16.74222946
2067,22.79024124
2068,18.54085159
2069,20.84840012
2070,12.4813633
2071,37.12323761
2072,39.57905197
2073,43.22409058
2074,47.58959961
2075,29.34041405
2076,14.17278767
2077,18.92395401
2078,17.78941536
2079,19.59005928
2080,22.12769508
2081,37.87915802
2082,47.06921005
2083,46.16033936
2084,44.09294128
2085,13.93633175
2086,22.33080101
2087,17.72180557
2088,18.31465912
2089,43.17388535
2090,40.56476212
2091,47.30115509
2092,46.69750214
2093,47.82019424
2094,43.99934769
2095,15.91470146
2096,20.9080925
2097,17.00072289
2098,16.20791817
2099,16.13390732
2100,11.82201767
2101,36.74333954
2102,46.26161957
2103,47.74320221
2104,46.5899086
2105,45.89946747
2106,27.27072334
2107,25.38515091
2108,25.41433716
2109,25.25390625
2110,20.28083229
2111,20.59125519
2112,19.62026024
2113,35.06676865
2114,45.4867363
2115,47.15044022
2116,46.75371552
2117,42.87911606
2118,44.60649109
2119,40.97722244
2120,41.02031326
2121,40.02913666
2122,42.99806976
2123,42.90705109
2124,36.74734497
2125,35.05585861
2126,47.51285172
2127,47.73633194
2128,47.04038239
2129,46.82223892
2130,44.95106888
2131,17.04312515
2132,22.56375504
2133,19.22026825
2134,17.9173851
2135,19.37041283
2136,18.88435364
2137,11.09939861
2138,47.5410881
2139,48.18832779
2140,16.8856411
2141,17.13121986
2142,40.79719925
2143,48.67339325
2144,48.15391159
2145,45.24940109
2146,14.0903492
2147,20.83202934
2148,15.72483063
2149,15.87300873
2150,22.53142738
2151,38.90135574
2152,42.31159973
2153,48.13427353
2154,47.58086777
2155,46.54611588
2156,14.24191761
2157,16.57798958
2158,21.04067039
2159,17.62048149
2160,17.8241272
2161,10.93198776
2162,35.83089066
2163,37.85816574
2164,48.16758728
2165,29.69726372
2166,13.6172905
2167,16.09420013
2168,20.95676804
2169,20.4816227
2170,17.99192047
2171,18.16596413
2172,16.63769341
2173,10.51151466
2174,42.26922989
2175,35.36197662
2176,36.57177734
2177,47.17985916
2178,48.00489807
2179,48.5330925
2180,19.10996437
2181,17.30942345
2182,20.99354935
2183,20.80179787
2184,19.6912365
2185,32.16498566
2186,37.43087387
2187,34.65530014
2188,46.90334702
2189,46.41963196
2190,46.4749794
2191,46.36668396
2192,46.01649857
2193,45.28561783
2194,41.95533371
2195,43.40795898
2196,40.82094574
2197,38.68511581
2198,38.79234695
2199,36.22580719
2200,35.44048691
2201,42.86539841
2202,47.41999054
2203,46.73970032
2204,46.02622604
2205,14.46331692
2206,18.8677063
2207,11.61988163
2208,40.32573318
2209,42.84215927
2210,45.2281456
2211,42.83058929
2212,21.24357224
2213,16.52676773
2214,20.0207386
2215,16.06160736
2216,7.53192091
2217,20.74949837
2218,41.73339844
2219,46.34644699
2220,47.14049911
2221,46.15589905
2222,45.72043991
2223,44.00619888
2224,13.79260635
2225,16.23246002
2226,14.76961803
2227,18.27028465
2228,8.868512154
2229,7.620456696
2230,18.93238831
2231,43.55262756
2232,46.69520569
2233,47.43935013
2234,46.96038437
2235,46.2260437
2236,44.09737015
2237,13.10364628
2238,17.21337891
2239,24.36713409
2240,17.31692886
2241,26.17518806
2242,34.2939682
2243,47.36458588
2244,48.30790329
2245,47.03322983
2246,47.51667023
2247,45.81626129
2248,44.25177383
2249,29.47593689
2250,13.20805454
2251,22.46268845
2252,20.44226265
2253,14.95323181
2254,15.87794685
2255,13.79401398
2256,8.488115311
2257,18.12317657
2258,35.32939148
2259,36.41329956
2260,47.78100967
2261,48.12859344
2262,47.188694
2263,26.96668053
2264,18.12456322
2265,17.27338028
2266,33.22111511
2267,47.44708633
2268,45.94015884
2269,42.54136276
2270,42.42783737
2271,41.73689651
2272,40.67736816
2273,42.59144211
2274,43.18826294
2275,43.48900986
2276,37.89611053
2277,36.63297272
2278,47.65613937
2279,47.36979294
2280,47.94836044
2281,47.37153244
2282,25.50619698
2283,24.3868885
2284,23.75317764
2285,19.16105843
2286,19.99337196
2287,19.76260948
2288,11.3143568
2289,40.54113007
2290,46.734272
2291,24.66015625
2292,13.13613415
2293,16.25861549
2294,19.19169044
2295,17.13921928
2296,17.90528488
2297,44.55966568
2298,39.14361572
2299,48.32142639
2300,47.13731766
2301,21.32209778
2302,16.54159927
2303,16.19911194
2304,16.37364197
2305,13.86111546
2306,9.900479317
2307,37.39831924
2308,40.97214508
2309,48.30101776
2310,47.07518387
2311,47.80822372
2312,46.96347427
2313,44.68992615
2314,24.35013771
2315,48.16680527
2316,48.45710373
2317,46.93854141
2318,24.35876846
2319,15.64242744
2320,21.74193001
2321,22.36902428
2322,17.02682686
2323,11.24419022
2324,19.36914253
2325,36.97143936
2326,48.13620758
2327,48.58704376
2328,48.13744354
2329,47.1330986
2330,46.74940109
2331,40.36063385
2332,26.60276222
2333,25.13165283
2334,18.58919334
2335,18.53212547
2336,18.20506096
2337,41.86072922
2338,35.80160522
2339,36.01802444
2340,46.92370605
2341,41.25394821
2342,40.69695663
2343,41.91149521
2344,40.17156601
2345,43.86752701
2346,47.48770142
2347,47.02883148
2348,14.56349468
2349,23.29895401
2350,20.96210861
2351,17.27800751
2352,22.3571167
2353,40.90734482
2354,47.54668045
2355,48.27676773
2356,47.10428619
2357,44.68621826
2358,15.99834347
2359,21.98114204
2360,18.24484253
2361,16.25481796
2362,17.49629402
2363,11.58170509
2364,8.833804131
2365,36.99555969
2366,47.52210617
2367,48.09002304
2368,47.05263519
2369,44.58686829
2370,24.12521362
2371,15.37495995
2372,36.60203552
2373,42.99843597
2374,47.85445404
2375,46.95869064
2376,12.66914272
2377,21.52781677
2378,18.46362495
2379,16.36531448
2380,9.245224953
2381,36.13665009
2382,41.0051384
2383,47.81349564
2384,46.95602798
2385,44.70144653
2386,12.4914484
2387,21.09537315
2388,18.25921822
2389,35.49337387
2390,47.06925583
2391,48.8429184
2392,48.1336937
2393,26.94491196
2394,25.18548012
2395,19.63685226
2396,19.79434204
2397,18.2718811
2398,44.46562958
2399,47.65699005
2400,47.40189362
2401,13.79484558
2402,6.054288864
2403,6.168005943
2404,6.723089218
2405,37.53358841
2406,43.48116302
2407,44.06119919
2408,36.44137573
2409,47.56441116
2410,46.33054733
2411,31.32355881
2412,23.96906281
2413,29.53002548
2414,26.30375481
2415,27.69597626
2416,17.68038368
2417,40.4743309
2418,48.2318306
2419,46.92225266
2420,22.8012619
2421,19.09165382
2422,47.93101501
2423,46.47191238
2424,12.72880745
2425,15.52837181
2426,15.17213821
2427,15.88262558
2428,14.23361588
2429,14.89387226
2430,10.66000175
2431,7.966190338
2432,41.33702469
2433,48.16471863
2434,47.19764709
2435,24.11004066
2436,16.17565536
2437,21.85963249
2438,21.93794441
2439,17.72323799
2440,16.20206833
2441,40.19743729
2442,48.00421143
2443,47.65198898
2444,46.64618301
2445,44.69955826
2446,15.64116383
2447,21.16223907
2448,20.73464394
2449,15.69919395
2450,13.7606678
2451,15.9882164
2452,48.3043251
2453,41.66362381
2454,28.25342941
2455,25.09308434
2456,19.96826553
2457,38.15137482
2458,33.72418213
2459,46.60214996
2460,45.49759674
2461,40.86517715
2462,39.91913223
2463,40.09289551
2464,38.21900177
2465,35.73368454
2466,41.22237015
2467,39.80607224
2468,43.73723602
2469,47.07339478
2470,47.70571518
2471,47.07513428
2472,46.60937881
2473,24.53867531
2474,14.01228237
2475,16.46567535
2476,22.66348839
2477,19.68060112
2478,20.60214424
2479,11.75837803
2480,11.31345177
2481,42.50708008
2482,40.18406296
2483,46.92191696
2484,47.10850906
2485,46.71957779
2486,46.28343201
2487,30.83966064
2488,35.20250702
2489,35.0261879
2490,27.39039612
2491,28.98690605
2492,29.19370079
2493,21.10225868
2494,44.406147
2495,39.11825562
2496,48.51475143
2497,47.13199234
2498,47.9866333
2499,46.55236435
2500,44.578022
2501,22.05457687
2502,14.95663548
2503,16.02544022
2504,9.12496376
2505,19.10568047
2506,42.72082901
2507,48.75920105
2508,48.34506607
2509,47.45901871
2510,45.09605789
2511,13.53673935
2512,22.21733665
2513,18.32903481
2514,17.37446785
2515,17.98278046
2516,16.86233139
2517,36.85421371
2518,37.28170395
2519,16.58909988
2520,22.4848938
2521,17.77205276
2522,17.28847694
2523,11.72478008
2524,9.872484207
2525,20.23469543
2526,36.00580215
2527,43.29194641
2528,47.16908264
2529,48.32908249
2530,48.33031845
2531,25.15000725
2532,25.75327301
2533,20.2318325
2534,20.53069115
2535,35.67186737
2536,43.91563034
2537,45.4174881
2538,43.939991
2539,42.45748138
2540,39.31910706
2541,41.43042755
2542,39.25510025
2543,42.74480438
2544,46.94606018
2545,47.17746735
2546,48.20474625
2547,47.58070374
2548,38.37279892
2549,31.29349327
2550,29.21526337
2551,27.41979408
2552,20.84343338
2553,31.56720734
2554,36.59708405
2555,43.79221725
2556,48.04907227
2557,48.64300537
2558,47.58450317
2559,47.46860886
2560,45.34664154
2561,26.30602646
2562,14.43269539
2563,17.01805115
2564,25.15429306
2565,17.40005875
2566,14.43204594
2567,39.87682343
2568,47.53146362
2569,45.35771561
2570,15.55927181
2571,23.11439896
2572,18.63178062
2573,13.7985611
2574,10.69512177
2575,48.5532608
2576,24.15540314
2577,12.43136311
2578,10.61175823
2579,44.10309601
2580,42.16297913
2581,48.07884216
2582,47.67115021
2583,47.20724869
2584,47.00274277
2585,45.13550568
2586,14.82016182
2587,21.47802353
2588,17.32977486
2589,19.01305771
2590,17.28014374
2591,43.92676544
2592,35.80591965
2593,45.27283096
2594,46.3168869
2595,43.80339432
2596,23.16053009
2597,22.49867821
2598,24.07343864
2599,20.34950066
2600,20.33472252
2601,16.47228622
2602,15.31279755
2603,38.97850037
2604,45.87881088
2605,47.11587143
2606,42.80748367
2607,42.51268005
2608,40.62410355
2609,42.38866043
2610,40.85636139
2611,39.56019211
2612,40.70793533
2613,43.33889389
2614,35.832901
2615,43.95427704
2616,47.86168289
2617,45.44759369
2618,24.37387466
2619,15.11056328
2620,17.46540642
2621,23.72376442
2622,20.54030228
2623,18.3014698
2624,19.37885284
2625,17.57288361
2626,38.57075119
2627,48.13878632
2628,48.05783081
2629,47.27721405
2630,24.16860962
2631,22.72418594
2632,17.26496696
2633,19.09380722
2634,16.40301514
2635,38.4504509
2636,44.61336517
2637,38.66561127
2638,43.92340851
2639,47.56604767
2640,48.35007095
2641,47.0554924
2642,22.84370804
2643,15.9134016
2644,18.51194382
2645,15.49122047
2646,16.53866768
2647,14.70713425
2648,8.77762413
2649,43.59866333
2650,48.02544022
2651,47.66077423
2652,48.12397385
2653,47.54906464
2654,24.33229446
2655,16.56123734
2656,18.22445107
2657,15.74216366
2658,21.95310593
2659,43.93303299
2660,36.58039474
2661,48.20771408
2662,48.80505753
2663,47.33778381
2664,47.03081894
2665,24.13676453
2666,13.43059731
2667,20.77267838
2668,16.70413589
2669,19.03190804
2670,19.956707
2671,44.28953934
2672,35.30639648
2673,20.70051003
2674,19.75409317
2675,18.48937798
2676,28.00734901
2677,35.9562912
2678,36.31040192
2679,47.09907913
2680,46.63837814
2681,45.57453537
2682,42.97358704
2683,40.12860489
2684,41.23601532
2685,40.81194687
2686,47.89228058
2687,47.23789597
2688,46.99335098
2689,44.03985214
2690,24.12073517
2691,15.89830685
2692,18.88000298
2693,12.1357975
2694,38.32702637
2695,44.51781464
2696,44.61741638
2697,47.78459167
2698,47.16965103
2699,46.31546783
2700,12.08388805
2701,13.95004654
2702,16.84871864
2703,18.19089699
2704,37.31462479
2705,43.20714951
2706,49.32411194
2707,45.34139252
2708,34.76403427
2709,40.59397507
2710,26.58172989
2711,27.80313492
2712,28.6666069
2713,28.65546036
2714,22.93379211
2715,45.98307037
2716,47.27085876
2717,47.15914917
2718,24.25535774
2719,15.8155632
2720,22.40929985
2721,16.85373306
2722,17.7625618
2723,16.04910278
2724,11.19900131
2725,21.58614731
2726,37.50680542
2727,47.84623337
2728,48.07696533
2729,43.61761093
2730,20.90777397
2731,16.60912895
2732,10.46176338
2733,19.64738464
2734,38.10040283
2735,47.58952332
2736,48.51490021
2737,48.38937378
2738,48.6128273
2739,47.83456039
2740,41.74250793
2741,27.26366043
2742,20.39002609
2743,20.56885529
2744,19.58112717
2745,19.51710892
2746,18.96894646
2747,36.85550308
2748,47.89059067
2749,46.97697067
2750,46.76843643
2751,43.04904938
2752,42.90089417
2753,40.26026535
2754,41.38198471
2755,40.34651184
2756,36.52579498
2757,47.21299362
2758,47.45103073
2759,47.43904114
2760,22.16073036
2761,15.59536743
2762,16.76535988
2763,12.93550301
2764,23.85298157
2765,38.50601578
2766,43.9444046
2767,47.63608932
2768,48.19849777
2769,47.1978302
2770,44.98871231
2771,14.02184677
2772,22.41506386
2773,20.64060974
2774,17.45463753
2775,21.23033714
2776,37.9429245
2777,44.472332
2778,43.7743187
2779,47.70628357
2780,47.3352356
2781,47.93569946
2782,47.20849228
2783,45.05148697
2784,23.98752785
2785,13.74279594
2786,22.14526176
2787,17.45285797
2788,15.66336536
2789,8.380477905
2790,20.46305084
2791,38.07112503
2792,44.30590057
2793,39.76615524
2794,43.68818665
2795,48.53551865
2796,47.00820541
2797,16.42761421
2798,22.49914551
2799,20.75301933
2800,18.27232933
2801,16.93128586
2802,17.94096375
2803,16.10611343
2804,21.73113441
2805,36.51241684
2806,48.2254982
2807,48.81609344
2808,47.83550644
2809,24.75906563
2810,16.03465843
2811,19.94825363
2812,16.37367439
2813,14.82954788
2814,19.67879486
2815,44.30272675
2816,37.89529419
2817,47.29656601
2818,25.8651619
2819,24.90538216
2820,19.79853058
2821,19.89080238
2822,32.74062729
2823,39.69420242
2824,36.73283005
2825,45.36623764
2826,46.96212387
2827,47.20768356
2828,46.96335983
2829,40.70619965
2830,37.8996048
2831,38.56119919
2832,33.09916306
2833,37.90952682
2834,38.14831543
2835,35.02832413
2836,36.13722992
2837,47.65475845
2838,47.01949692
2839,14.62777996
2840,23.09648705
2841,22.31359863
2842,19.9662838
2843,16.86789703
2844,18.33037567
2845,13.0573082
2846,38.71460724
2847,44.03558731
2848,48.14258575
2849,47.72805405
2850,48.30722427
2851,47.63205719
2852,47.29516602
2853,45.5070076
2854,19.2337265
2855,16.80944824
2856,44.60811615
2857,39.30550385
2858,43.92890549
2859,48.54912186
2860,23.64651489
2861,13.83006763
2862,16.33225822
2863,21.23617172
2864,16.55784035
2865,8.507338524
2866,20.25022507
2867,37.55882645
2868,41.29061127
2869,39.08446503
2870,20.6252594
2871,17.75788879
2872,18.83253098
2873,16.80435753
2874,11.59515095
2875,37.20909882
2876,48.18198013
2877,48.86026382
2878,47.78398895
2879,48.36183548
2880,24.76576805
2881,16.21489716
2882,16.88303375
2883,18.03503418
2884,16.87752342
2885,15.370924
2886,11.12590885
2887,44.42583847
2888,39.31650543
2889,48.67347717
2890,48.13713455
2891,46.81157684
2892,41.56395721
2893,24.46843529
2894,24.85628319
2895,20.43556976
2896,18.63095093
2897,18.75382614
2898,27.35734749
2899,41.64424515
2900,36.12626266
2901,46.19738007
2902,47.16313553
2903,39.03942871
2904,38.74549866
2905,38.75873566
2906,41.44276047
2907,40.65391922
2908,42.33792114
2909,38.15959549
2910,36.3523941
2911,47.32159042
2912,47.07303238
2913,25.14396477
2914,15.05143261
2915,24.31329727
2916,22.52103615
2917,22.30953979
2918,40.0149231
2919,44.82160187
2920,47.26869202
2921,47.82991791
2922,46.89792252
2923,22.41580582
2924,19.16637993
2925,20.06850815
2926,16.42020798
2927,9.588849068
2928,9.331203461
2929,38.72560501
2930,47.93714905
2931,47.55752945
2932,13.79224777
2933,16.43840408
2934,18.75626373
2935,19.43075943
2936,16.7318573
2937,8.767299652
2938,44.50535202
2939,40.08498001
2940,47.98825836
2941,47.51620483
2942,47.03459549
2943,16.13736916
2944,22.69592094
2945,22.3300457
2946,11.27102947
2947,19.11773109
2948,43.90484238
2949,36.5561409
2950,41.7998848
2951,48.37880707
2952,45.21156311
2953,24.14649391
2954,15.98400879
2955,21.98288155
2956,18.80812836
2957,17.0895977
2958,17.95672226
2959,18.22707939
2960,44.39635468
2961,37.27879715
2962,47.89702988
2963,49.02865982
2964,41.4671402
2965,27.47787285
2966,24.34420586
2967,24.6974926
2968,24.83961296
2969,20.70461464
2970,18.93700027
2971,29.6123085
2972,45.7530365
2973,47.66849518
2974,47.20656967
2975,43.20017242
2976,37.46334839
2977,33.05805206
2978,43.73531342
2979,22.84950066
2980,20.35613441
2981,17.78242874
2982,18.83386803
2983,13.53973961
2984,11.73905754
2985,44.9511528
2986,47.90420914
2987,47.47722626
2988,47.36551666
2989,45.24046707
2990,13.93356895
2991,16.45739174
2992,22.66310501
2993,22.34438705
2994,18.9589138
2995,11.16095924
2996,17.23936272
2997,44.25922012
2998,43.90777588
2999,48.66974258
3000,47.51004791
3001,47.15114975
3002,24.6464386
3003,17.28563309
3004,16.10482979
3005,9.023672104
3006,40.15293121
3007,43.84663773
3008,47.16041946
3009,45.3140564
3010,18.98513031
3011,19.64984322
3012,22.55093384
3013,37.68367004
3014,43.76144409
3015,36.7977562
3016,48.30522537
3017,24.09618759
3018,21.77490425
3019,16.85695839
3020,15.03700638
3021,9.675385475
3022,19.12999725
3023,29.16737938
3024,47.28565216
3025,38.19279861
3026,19.71470833
3027,17.65527916
3028,19.01667786
3029,18.78804779
3030,18.90244102
3031,35.61306763
3032,45.61869431
3033,47.97776031
3034,47.17211151
3035,47.51950455
3036,42.93829727
3037,39.92745972
3038,39.29455185
3039,39.03204346
3040,39.77612686
3041,37.42963791
3042,35.28494644
3043,43.45218277
3044,43.57649231
3045,44.30244064
3046,47.59223175
3047,47.94703293
3048,45.17639542
3049,14.71017361
3050,23.24006653
3051,19.24266624
3052,18.38305473
3053,17.1039505
3054,17.16993141
3055,12.99276829
3056,44.75115967
3057,47.96334839
3058,48.04172516
3059,47.50429535
3060,48.0993576
3061,16.45624542
3062,22.17270851
3063,18.03466034
3064,15.8866806
3065,17.73073959
3066,15.48575497
3067,10.04122448
3068,43.39442444
3069,38.88550568
3070,48.95483017
3071,48.3859787
3072,47.69123459
3073,47.22095871
3074,23.70113945
3075,22.60475922
3076,22.2370491
3077,17.3654232
3078,16.7544136
3079,17.20680428
3080,8.982916832
3081,36.77453995
3082,44.26937103
3083,43.14340973
3084,48.60948944
3085,47.61055374
3086,47.5038147
3087,23.72894096
3088,16.2793045
3089,21.58736992
3090,22.17646217
3091,16.13477135
3092,16.8306942
3093,14.63924313
3094,38.18895721
3095,36.70307922
3096,48.85979843
3097,47.12126923
3098,23.80000877
3099,21.96941948
3100,21.19243431
3101,16.69132614
3102,16.72940826
3103,17.14653587
3104,10.08648872
3105,38.61621857
3106,37.77333832
3107,47.59519196
3108,47.74026108
3109,46.97699738
3110,24.98810768
3111,19.77663231
3112,17.5916748
3113,18.94922256
3114,32.38083649
3115,34.38711548
3116,47.04130554
3117,47.0425415
3118,42.98819351
3119,39.74482727
3120,39.33298874
3121,40.09986115
3122,41.05949783
3123,41.43477249
3124,40.56505203
3125,36.33100128
3126,37.09851074
3127,35.8696785
3128,44.4426651
3129,47.54758072
3130,47.83826065
3131,47.25170898
3132,46.9995079
3133,25.05886078
3134,14.90271378
3135,16.95088959
3136,23.01706696
3137,22.59527016
3138,17.21651649
3139,11.19889069
3140,47.47003937
3141,23.54335594
3142,18.94299698
3143,17.27003288
3144,11.6720314
3145,10.03989315
3146,47.3082428
3147,48.11544037
3148,46.59912109
3149,44.66786575
3150,13.55230904
3151,9.985769272
3152,38.01193619
3153,44.17282104
3154,48.289711
3155,47.37729263
3156,14.1647768
3157,22.2475071
3158,17.92150116
3159,16.3884182
3160,15.91570568
3161,48.4947319
3162,45.57415771
3163,24.45976639
3164,14.02998638
3165,21.88115692
3166,17.17453384
3167,19.09897041
3168,16.55583
3169,10.17072487
3170,19.18448067
3171,36.12977982
3172,48.43008041
3173,48.75653458
3174,48.43131638
3175,27.59584427
3176,25.23728752
3177,20.63354492
3178,19.74752808
3179,18.08620453
3180,18.51576996
3181,19.16823769
3182,18.23385048
3183,41.7959404
3184,36.04727936
3185,36.35051346
3186,45.37956619
3187,47.37420654
3188,47.03598404
3189,46.96649551
3190,45.95491791
3191,41.49573135
3192,38.1861763
3193,41.44116974
3194,40.4610939
3195,44.56519318
3196,43.84387207
3197,47.73817062
3198,48.30501556
3199,47.43811798
3200,47.996315
3201,45.32233429
3202,26.36985588
3203,15.53585911
3204,19.59916306
3205,14.0010519
3206,12.22620964
3207,41.50299454
3208,44.10993576
3209,38.03728104
3210,48.89401627
3211,47.70204544
3212,48.25850677
3213,47.35857773
3214,45.46528625
3215,16.72648048
3216,22.44021416
3217,16.30730438
3218,40.40501404
3219,35.94190598
3220,42.30918121
3221,48.6207695
3222,47.37405777
3223,47.8262558
3224,23.02292061
3225,22.23422623
3226,19.84448433
3227,11.29352188
3228,40.4848671
3229,35.27396011
3230,42.03569794
3231,48.32354736
3232,47.03052521
3233,47.64874649
3234,46.71085739
3235,23.15996933
3236,19.43166733
3237,16.63792419
3238,18.61056709
3239,9.53040123
3240,21.61845779
3241,43.24629974
3242,48.19987488
3243,47.77889252
3244,24.94011688
3245,13.93887424
3246,16.15844727
3247,23.34700775
3248,21.3109417
3249,15.37242508
3250,14.14051151
3251,16.3213501
3252,19.54166603
3253,39.82968903
3254,33.34368896
3255,35.80228806
3256,48.45618057
3257,47.73080444
3258,23.67552948
3259,25.44792557
3260,17.91701889
3261,19.3726387
3262,40.52465057
3263,37.75469971
3264,31.29258156
3265,45.44983292
3266,46.9994545
3267,40.46557999
3268,40.34988403
3269,40.57297134
3270,40.36793137
3271,37.08992004
3272,43.88002777
3273,47.64780045
3274,46.85890961
3275,16.00750732
3276,21.33057022
3277,17.16667938
3278,11.09537888
3279,20.62287331
3280,39.08514023
3281,47.82329559
3282,48.7507515
3283,47.26026154
3284,25.40051651
3285,21.79401016
3286,16.2880764
3287,16.09475136
3288,14.71592426
3289,15.37795925
3290,10.32573605
3291,9.365143776
3292,37.96944809
3293,44.34821701
3294,37.3037796
3295,42.63932419
3296,46.98147583
3297,48.34017563
3298,45.0032959
3299,22.1940403
3300,16.7286911
3301,16.25867462
3302,49.15695572
3303,47.94921875
3304,48.62651443
3305,47.89511871
3306,27.77662086
3307,16.75479698
3308,16.829422
3309,17.60356331
3310,16.15812302
3311,11.27080345
3312,17.20835876
3313,36.52126694
3314,48.44242096
3315,48.89587402
3316,47.00065613
3317,45.20676804
3318,24.9833374
3319,13.86394596
3320,16.20890427
3321,21.8953476
3322,21.98575401
3323,14.28914928
3324,13.44743443
3325,14.10357666
3326,7.548834801
3327,17.51118088
3328,36.7677803
3329,44.05765152
3330,48.22432709
3331,48.00538635
3332,26.27195168
3333,26.09126663
3334,45.30973053
3335,46.91519165
3336,46.91642761
3337,46.8956604
3338,42.8066597
3339,41.31206131
3340,41.10150528
3341,38.94690323
3342,40.15717697
3343,45.0866127
3344,35.2162323
3345,40.2052803
3346,46.44159317
3347,47.33838654
3348,45.98005676
3349,44.18955231
3350,23.60882568
3351,13.85921669
3352,19.04807854
3353,15.98066998
3354,11.59439468
3355,23.00781441
3356,38.1434021
3357,42.96194839
3358,47.29975128
3359,48.48284912
3360,24.93746948
3361,21.90371323
3362,21.78808403
3363,15.44887352
3364,10.93044186
3365,23.2733593
3366,39.77542877
3367,47.54436874
3368,45.34513092
3369,25.6779213
3370,15.86701965
3371,38.54891205
3372,41.24069977
3373,48.23870087
3374,48.90129852
3375,48.05921936
3376,47.50773621
3377,23.37966156
3378,13.64322662
3379,15.92815685
3380,19.58399391
3381,17.12516403
3382,17.51912117
3383,15.18625259
3384,8.846653938
3385,21.3924427
3386,35.60684204
3387,47.13093948
3388,26.08249474
3389,22.30172348
3390,9.92677784
3391,21.52371025
3392,26.67788315
3393,47.47227097
3394,49.02698898
3395,48.39356613
3396,47.08602524
3397,25.32108688
3398,25.40390015
3399,21.55596733
3400,19.54374695
3401,19.64277649
3402,20.70030594
3403,20.41942024
3404,32.67341614
3405,45.62381363
3406,47.65383148
3407,47.17144394
3408,47.11665344
3409,46.12869644
3410,46.35512543
3411,40.95867157
3412,40.27611542
3413,40.28217697
3414,32.57897186
3415,47.75661469
3416,45.64083099
3417,21.23982048
3418,30.07943153
3419,21.68461037
3420,21.03555679
3421,13.51393986
3422,11.81121159
3423,41.32807541
3424,48.31084061
3425,48.8103447
3426,48.07907867
3427,45.88897705
3428,30.48383904
3429,33.90266418
3430,33.88160324
3431,27.96141815
3432,28.5284214
3433,20.79261017
3434,19.90461731
3435,33.27406311
3436,42.55500793
3437,48.3210144
3438,49.26979828
3439,48.13503647
3440,48.16693115
3441,33.57921982
3442,28.23051834
3443,25.93682098
3444,20.12999916
3445,19.17077255
3446,32.4657135
3447,41.42365646
3448,49.17043304
3449,48.03133011
3450,48.61896896
3451,47.88130188
3452,45.73999405
3453,31.6059227
3454,24.92134285
3455,19.60718346
3456,18.56517029
3457,17.53164482
3458,11.09734535
3459,44.84054565
3460,49.37387466
3461,48.79003525
3462,47.7696228
3463,47.5295639
3464,17.86352921
3465,17.3717823
3466,17.66404724
3467,18.41696548
3468,11.63860703
3469,36.60380554
3470,48.49241638
3471,46.28386688
3472,29.90246201
3473,20.17136574
3474,21.00978279
3475,21.65089989
3476,34.98980713
3477,40.5431633
3478,37.08119965
3479,43.32299423
3480,46.37463379
3481,47.29187012
3482,46.98603439
3483,46.97683716
3484,45.2989769
3485,46.49782562
3486,44.91666031
3487,43.98656082
3488,42.20541382
3489,40.5461998
3490,41.50819016
3491,44.9353714
3492,44.31705093
3493,47.08140182
3494,46.68930054
3495,45.07980347
3496,28.07778931
3497,21.08622742
3498,17.77036095
3499,11.69140816
3500,25.11334991
3501,45.20230865
3502,40.70113373
3503,43.53866959
